id,trace_rowid,span_id,parent_id,name,start_time,end_time,events,status_code,status_message,start_time_unix,end_time_unix,log@openai._base_client - [_base_client.py:1585] - DEBUG,log@httpcore.connection - [_trace.py:85] - DEBUG,log@httpx - [_client.py:1786] - INFO,log@httpcore.http11 - [_trace.py:85] - DEBUG,log@urllib3.connectionpool - [connectionpool.py:546] - DEBUG,log@llmrca.create_vdb.pipeline.rag - [rag.py:117] - DEBUG,log@llmrca.create_vdb.pipeline.rag - [rag.py:125] - DEBUG,log@urllib3.connectionpool - [connectionpool.py:291] - DEBUG,log@llmrca.create_vdb.pipeline.rag - [rag.py:112] - INFO,log@llmrca.create_vdb.pipeline.rag - [rag.py:143] - INFO,log@llmrca.create_vdb.pipeline.rag - [rag.py:133] - DEBUG,log@openai._base_client - [_base_client.py:446] - DEBUG,log@vllm.engine.async_llm_engine - [async_llm_engine.py:648] - INFO,log@vllm.engine.async_llm_engine - [async_llm_engine.py:564] - DEBUG,log@vllm.engine.metrics - [metrics.py:295] - INFO,log@vllm.engine.async_llm_engine - [async_llm_engine.py:134] - INFO,log@vllm.engine.async_llm_engine - [async_llm_engine.py:578] - DEBUG,log_entries,metric@cpu_usage,metric@gpu_graph_clock,duration
1,2017,29d90e8e10e5703e,,query,2024-11-04 03:10:55.167827,2024-11-04 03:10:59.895675,[],OK,,1730689855.167827,1730689859.895675,1,4,2,20,4,1,1,0,0,1,1,1,1,1,1,1,1,"['2024-11-04 03:10:55,191 - urllib3.connectionpool - [connectionpool.py:546] - DEBUG', '2024-11-04 03:10:55,194 - httpcore.connection - [_trace.py:85] - DEBUG', '2024-11-04 03:10:55,195 - httpcore.connection - [_trace.py:85] - DEBUG', '2024-11-04 03:10:55,195 - httpcore.http11 - [_trace.py:85] - DEBUG', '2024-11-04 03:10:55,195 - httpcore.http11 - [_trace.py:85] - DEBUG', '2024-11-04 03:10:55,195 - httpcore.http11 - [_trace.py:85] - DEBUG', '2024-11-04 03:10:55,196 - httpcore.http11 - [_trace.py:85] - DEBUG', '2024-11-04 03:10:55,196 - httpcore.http11 - [_trace.py:85] - DEBUG', '2024-11-04 03:10:55,198 - httpcore.http11 - [_trace.py:85] - DEBUG', '2024-11-04 03:10:55,198 - httpx - [_client.py:1786] - INFO', '2024-11-04 03:10:55,199 - httpcore.http11 - [_trace.py:85] - DEBUG', '2024-11-04 03:10:55,200 - httpcore.http11 - [_trace.py:85] - DEBUG', '2024-11-04 03:10:55,200 - httpcore.http11 - [_trace.py:85] - DEBUG', '2024-11-04 03:10:55,200 - httpcore.http11 - [_trace.py:85] - DEBUG', '2024-11-04 03:10:55,200 - httpcore.connection - [_trace.py:85] - DEBUG', '2024-11-04 03:10:55,200 - httpcore.connection - [_trace.py:85] - DEBUG', '2024-11-04 03:10:56,429 - urllib3.connectionpool - [connectionpool.py:546] - DEBUG', '2024-11-04 03:10:56,430 - llmrca.create_vdb.pipeline.rag - [rag.py:117] - DEBUG', '2024-11-04 03:10:56,805 - urllib3.connectionpool - [connectionpool.py:546] - DEBUG', '2024-11-04 03:10:56,806 - llmrca.create_vdb.pipeline.rag - [rag.py:125] - DEBUG', '2024-11-04 03:10:56,806 - llmrca.create_vdb.pipeline.rag - [rag.py:133] - DEBUG', '2024-11-04 03:10:56,809 - openai._base_client - [_base_client.py:446] - DEBUG', '2024-11-04 03:10:56,810 - httpcore.http11 - [_trace.py:85] - DEBUG', '2024-11-04 03:10:56,810 - httpcore.http11 - [_trace.py:85] - DEBUG', '2024-11-04 03:10:56,810 - httpcore.http11 - [_trace.py:85] - DEBUG', '2024-11-04 03:10:56,810 - httpcore.http11 - [_trace.py:85] - DEBUG', '2024-11-04 03:10:56,810 - httpcore.http11 - [_trace.py:85] - DEBUG', '2024-11-04 03:10:59,883 - httpcore.http11 - [_trace.py:85] - DEBUG', '2024-11-04 03:10:59,884 - httpx - [_client.py:1786] - INFO', '2024-11-04 03:10:59,884 - httpcore.http11 - [_trace.py:85] - DEBUG', '2024-11-04 03:10:59,885 - httpcore.http11 - [_trace.py:85] - DEBUG', '2024-11-04 03:10:59,885 - httpcore.http11 - [_trace.py:85] - DEBUG', '2024-11-04 03:10:59,885 - httpcore.http11 - [_trace.py:85] - DEBUG', '2024-11-04 03:10:59,886 - openai._base_client - [_base_client.py:1585] - DEBUG', '2024-11-04 03:10:59,894 - urllib3.connectionpool - [connectionpool.py:546] - DEBUG', '2024-11-04 03:10:59,895 - llmrca.create_vdb.pipeline.rag - [rag.py:143] - INFO', '2024-11-04 03:10:56,869 - vllm.engine.async_llm_engine - [async_llm_engine.py:648] - INFO', '2024-11-04 03:10:56,872 - vllm.engine.async_llm_engine - [async_llm_engine.py:578] - DEBUG', '2024-11-04 03:10:59,127 - vllm.engine.metrics - [metrics.py:295] - INFO', '2024-11-04 03:10:59,862 - vllm.engine.async_llm_engine - [async_llm_engine.py:134] - INFO', '2024-11-04 03:10:59,884 - vllm.engine.async_llm_engine - [async_llm_engine.py:564] - DEBUG']",0.0,0,4.727848052978516
2,2017,8c5cda6929badf44,29d90e8e10e5703e,retrieve,2024-11-04 03:10:55.168124,2024-11-04 03:10:56.204501,[],OK,,1730689855.168124,1730689856.204501,0,4,1,10,1,0,0,0,0,0,0,0,0,0,0,0,0,"['2024-11-04 03:10:55,191 - urllib3.connectionpool - [connectionpool.py:546] - DEBUG', '2024-11-04 03:10:55,194 - httpcore.connection - [_trace.py:85] - DEBUG', '2024-11-04 03:10:55,195 - httpcore.connection - [_trace.py:85] - DEBUG', '2024-11-04 03:10:55,195 - httpcore.http11 - [_trace.py:85] - DEBUG', '2024-11-04 03:10:55,195 - httpcore.http11 - [_trace.py:85] - DEBUG', '2024-11-04 03:10:55,195 - httpcore.http11 - [_trace.py:85] - DEBUG', '2024-11-04 03:10:55,196 - httpcore.http11 - [_trace.py:85] - DEBUG', '2024-11-04 03:10:55,196 - httpcore.http11 - [_trace.py:85] - DEBUG', '2024-11-04 03:10:55,198 - httpcore.http11 - [_trace.py:85] - DEBUG', '2024-11-04 03:10:55,198 - httpx - [_client.py:1786] - INFO', '2024-11-04 03:10:55,199 - httpcore.http11 - [_trace.py:85] - DEBUG', '2024-11-04 03:10:55,200 - httpcore.http11 - [_trace.py:85] - DEBUG', '2024-11-04 03:10:55,200 - httpcore.http11 - [_trace.py:85] - DEBUG', '2024-11-04 03:10:55,200 - httpcore.http11 - [_trace.py:85] - DEBUG', '2024-11-04 03:10:55,200 - httpcore.connection - [_trace.py:85] - DEBUG', '2024-11-04 03:10:55,200 - httpcore.connection - [_trace.py:85] - DEBUG']",11.0,1005,1.036376953125
3,2017,f5e622caf6710dbf,8c5cda6929badf44,embedding,2024-11-04 03:10:55.168381,2024-11-04 03:10:55.187628,[],OK,,1730689855.168381,1730689855.187628,0,0,0,0,0,0,0,0,0,0,0,0,0,0,0,0,0,[],11.0,1005,0.019247055053710938
4,2017,3a5378412b8a639a,29d90e8e10e5703e,reranking,2024-11-04 03:10:56.433069,2024-11-04 03:10:56.802289,[],OK,,1730689856.433069,1730689856.802289,0,0,0,0,0,0,0,0,0,0,0,0,0,0,0,0,0,[],20.2,1005,0.3692200183868408
5,2017,5a168db1f681ce59,29d90e8e10e5703e,llm,2024-11-04 03:10:56.806753,2024-11-04 03:10:59.888161,[],OK,,1730689856.806753,1730689859.888161,1,0,1,10,0,0,0,0,0,0,0,1,1,1,1,1,1,"['2024-11-04 03:10:56,809 - openai._base_client - [_base_client.py:446] - DEBUG', '2024-11-04 03:10:56,810 - httpcore.http11 - [_trace.py:85] - DEBUG', '2024-11-04 03:10:56,810 - httpcore.http11 - [_trace.py:85] - DEBUG', '2024-11-04 03:10:56,810 - httpcore.http11 - [_trace.py:85] - DEBUG', '2024-11-04 03:10:56,810 - httpcore.http11 - [_trace.py:85] - DEBUG', '2024-11-04 03:10:56,810 - httpcore.http11 - [_trace.py:85] - DEBUG', '2024-11-04 03:10:59,883 - httpcore.http11 - [_trace.py:85] - DEBUG', '2024-11-04 03:10:59,884 - httpx - [_client.py:1786] - INFO', '2024-11-04 03:10:59,884 - httpcore.http11 - [_trace.py:85] - DEBUG', '2024-11-04 03:10:59,885 - httpcore.http11 - [_trace.py:85] - DEBUG', '2024-11-04 03:10:59,885 - httpcore.http11 - [_trace.py:85] - DEBUG', '2024-11-04 03:10:59,885 - httpcore.http11 - [_trace.py:85] - DEBUG', '2024-11-04 03:10:59,886 - openai._base_client - [_base_client.py:1585] - DEBUG', '2024-11-04 03:10:56,869 - vllm.engine.async_llm_engine - [async_llm_engine.py:648] - INFO', '2024-11-04 03:10:56,872 - vllm.engine.async_llm_engine - [async_llm_engine.py:578] - DEBUG', '2024-11-04 03:10:59,127 - vllm.engine.metrics - [metrics.py:295] - INFO', '2024-11-04 03:10:59,862 - vllm.engine.async_llm_engine - [async_llm_engine.py:134] - INFO', '2024-11-04 03:10:59,884 - vllm.engine.async_llm_engine - [async_llm_engine.py:564] - DEBUG']",0.0,0,3.0814080238342285
6,2017,06b9370b732f3e8b,5a168db1f681ce59,llm_request,2024-11-04 03:10:56.869764,2024-11-04 03:10:59.861398,[],OK,,1730689856.869764,1730689859.861398,0,0,0,0,0,0,0,0,0,0,0,0,0,0,0,0,0,[],0.0,0,2.991633892059326
7,2017,0835bcd1c7f4b94b,06b9370b732f3e8b,llm_scheduler,2024-11-04 11:10:56.890374,2024-11-04 11:10:56.910985,[],OK,,1730689856.8903744,1730689856.9109845,0,0,0,0,0,0,0,0,0,0,0,0,0,0,0,0,0,[],64.1,1005,0.02061009407043457
8,2017,416c0bdaf8c92c23,06b9370b732f3e8b,llm_generate,2024-11-04 11:10:57.366047,2024-11-04 11:10:59.839489,[],OK,,1730689857.3660474,1730689859.839489,0,0,0,0,0,0,0,0,0,0,0,0,0,0,0,0,0,[],64.1,1005,2.4734416007995605
9,2018,f662f6ea50b222ce,,query,2024-11-04 03:10:59.908379,2024-11-04 03:11:04.554008,[],OK,,1730689859.908379,1730689864.554008,1,4,2,20,4,1,1,0,0,1,1,1,1,1,1,1,1,"['2024-11-04 03:10:59,964 - urllib3.connectionpool - [connectionpool.py:546] - DEBUG', '2024-11-04 03:10:59,968 - httpcore.connection - [_trace.py:85] - DEBUG', '2024-11-04 03:10:59,969 - httpcore.connection - [_trace.py:85] - DEBUG', '2024-11-04 03:10:59,969 - httpcore.http11 - [_trace.py:85] - DEBUG', '2024-11-04 03:10:59,970 - httpcore.http11 - [_trace.py:85] - DEBUG', '2024-11-04 03:10:59,970 - httpcore.http11 - [_trace.py:85] - DEBUG', '2024-11-04 03:10:59,970 - httpcore.http11 - [_trace.py:85] - DEBUG', '2024-11-04 03:10:59,970 - httpcore.http11 - [_trace.py:85] - DEBUG', '2024-11-04 03:10:59,972 - httpcore.http11 - [_trace.py:85] - DEBUG', '2024-11-04 03:10:59,972 - httpx - [_client.py:1786] - INFO', '2024-11-04 03:10:59,972 - httpcore.http11 - [_trace.py:85] - DEBUG', '2024-11-04 03:10:59,974 - httpcore.http11 - [_trace.py:85] - DEBUG', '2024-11-04 03:10:59,974 - httpcore.http11 - [_trace.py:85] - DEBUG', '2024-11-04 03:10:59,974 - httpcore.http11 - [_trace.py:85] - DEBUG', '2024-11-04 03:10:59,974 - httpcore.connection - [_trace.py:85] - DEBUG', '2024-11-04 03:10:59,974 - httpcore.connection - [_trace.py:85] - DEBUG', '2024-11-04 03:11:00,994 - urllib3.connectionpool - [connectionpool.py:546] - DEBUG', '2024-11-04 03:11:00,998 - llmrca.create_vdb.pipeline.rag - [rag.py:117] - DEBUG', '2024-11-04 03:11:01,387 - urllib3.connectionpool - [connectionpool.py:546] - DEBUG', '2024-11-04 03:11:01,388 - llmrca.create_vdb.pipeline.rag - [rag.py:125] - DEBUG', '2024-11-04 03:11:01,388 - llmrca.create_vdb.pipeline.rag - [rag.py:133] - DEBUG', '2024-11-04 03:11:01,391 - openai._base_client - [_base_client.py:446] - DEBUG', '2024-11-04 03:11:01,392 - httpcore.http11 - [_trace.py:85] - DEBUG', '2024-11-04 03:11:01,392 - httpcore.http11 - [_trace.py:85] - DEBUG', '2024-11-04 03:11:01,392 - httpcore.http11 - [_trace.py:85] - DEBUG', '2024-11-04 03:11:01,393 - httpcore.http11 - [_trace.py:85] - DEBUG', '2024-11-04 03:11:01,393 - httpcore.http11 - [_trace.py:85] - DEBUG', '2024-11-04 03:11:04,541 - httpcore.http11 - [_trace.py:85] - DEBUG', '2024-11-04 03:11:04,542 - httpx - [_client.py:1786] - INFO', '2024-11-04 03:11:04,543 - httpcore.http11 - [_trace.py:85] - DEBUG', '2024-11-04 03:11:04,543 - httpcore.http11 - [_trace.py:85] - DEBUG', '2024-11-04 03:11:04,544 - httpcore.http11 - [_trace.py:85] - DEBUG', '2024-11-04 03:11:04,544 - httpcore.http11 - [_trace.py:85] - DEBUG', '2024-11-04 03:11:04,545 - openai._base_client - [_base_client.py:1585] - DEBUG', '2024-11-04 03:11:04,552 - urllib3.connectionpool - [connectionpool.py:546] - DEBUG', '2024-11-04 03:11:04,553 - llmrca.create_vdb.pipeline.rag - [rag.py:143] - INFO', '2024-11-04 03:11:01,455 - vllm.engine.async_llm_engine - [async_llm_engine.py:648] - INFO', '2024-11-04 03:11:01,458 - vllm.engine.async_llm_engine - [async_llm_engine.py:578] - DEBUG', '2024-11-04 03:11:04,150 - vllm.engine.metrics - [metrics.py:295] - INFO', '2024-11-04 03:11:04,520 - vllm.engine.async_llm_engine - [async_llm_engine.py:134] - INFO', '2024-11-04 03:11:04,542 - vllm.engine.async_llm_engine - [async_llm_engine.py:564] - DEBUG']",0.0,0,4.645628929138184
10,2018,810f2af472b9c155,f662f6ea50b222ce,retrieve,2024-11-04 03:10:59.909155,2024-11-04 03:11:00.981085,[],OK,,1730689859.909155,1730689860.981085,0,4,1,10,1,0,0,0,0,0,0,0,0,0,0,0,0,"['2024-11-04 03:10:59,964 - urllib3.connectionpool - [connectionpool.py:546] - DEBUG', '2024-11-04 03:10:59,968 - httpcore.connection - [_trace.py:85] - DEBUG', '2024-11-04 03:10:59,969 - httpcore.connection - [_trace.py:85] - DEBUG', '2024-11-04 03:10:59,969 - httpcore.http11 - [_trace.py:85] - DEBUG', '2024-11-04 03:10:59,970 - httpcore.http11 - [_trace.py:85] - DEBUG', '2024-11-04 03:10:59,970 - httpcore.http11 - [_trace.py:85] - DEBUG', '2024-11-04 03:10:59,970 - httpcore.http11 - [_trace.py:85] - DEBUG', '2024-11-04 03:10:59,970 - httpcore.http11 - [_trace.py:85] - DEBUG', '2024-11-04 03:10:59,972 - httpcore.http11 - [_trace.py:85] - DEBUG', '2024-11-04 03:10:59,972 - httpx - [_client.py:1786] - INFO', '2024-11-04 03:10:59,972 - httpcore.http11 - [_trace.py:85] - DEBUG', '2024-11-04 03:10:59,974 - httpcore.http11 - [_trace.py:85] - DEBUG', '2024-11-04 03:10:59,974 - httpcore.http11 - [_trace.py:85] - DEBUG', '2024-11-04 03:10:59,974 - httpcore.http11 - [_trace.py:85] - DEBUG', '2024-11-04 03:10:59,974 - httpcore.connection - [_trace.py:85] - DEBUG', '2024-11-04 03:10:59,974 - httpcore.connection - [_trace.py:85] - DEBUG']",20.2,1005,1.071930170059204
11,2018,3c9d96ca518af255,810f2af472b9c155,embedding,2024-11-04 03:10:59.909858,2024-11-04 03:10:59.956873,[],OK,,1730689859.909858,1730689859.956873,0,0,0,0,0,0,0,0,0,0,0,0,0,0,0,0,0,[],20.2,1005,0.04701495170593262
12,2018,3f292fb91881f580,f662f6ea50b222ce,reranking,2024-11-04 03:11:01.003164,2024-11-04 03:11:01.382737,[],OK,,1730689861.003164,1730689861.382737,0,0,0,0,0,0,0,0,0,0,0,0,0,0,0,0,0,[],20.2,1005,0.37957286834716797
13,2018,0aff905c71c2b488,f662f6ea50b222ce,llm,2024-11-04 03:11:01.389062,2024-11-04 03:11:04.546877,[],OK,,1730689861.389062,1730689864.546877,1,0,1,10,0,0,0,0,0,0,0,1,1,1,1,1,1,"['2024-11-04 03:11:01,391 - openai._base_client - [_base_client.py:446] - DEBUG', '2024-11-04 03:11:01,392 - httpcore.http11 - [_trace.py:85] - DEBUG', '2024-11-04 03:11:01,392 - httpcore.http11 - [_trace.py:85] - DEBUG', '2024-11-04 03:11:01,392 - httpcore.http11 - [_trace.py:85] - DEBUG', '2024-11-04 03:11:01,393 - httpcore.http11 - [_trace.py:85] - DEBUG', '2024-11-04 03:11:01,393 - httpcore.http11 - [_trace.py:85] - DEBUG', '2024-11-04 03:11:04,541 - httpcore.http11 - [_trace.py:85] - DEBUG', '2024-11-04 03:11:04,542 - httpx - [_client.py:1786] - INFO', '2024-11-04 03:11:04,543 - httpcore.http11 - [_trace.py:85] - DEBUG', '2024-11-04 03:11:04,543 - httpcore.http11 - [_trace.py:85] - DEBUG', '2024-11-04 03:11:04,544 - httpcore.http11 - [_trace.py:85] - DEBUG', '2024-11-04 03:11:04,544 - httpcore.http11 - [_trace.py:85] - DEBUG', '2024-11-04 03:11:04,545 - openai._base_client - [_base_client.py:1585] - DEBUG', '2024-11-04 03:11:01,455 - vllm.engine.async_llm_engine - [async_llm_engine.py:648] - INFO', '2024-11-04 03:11:01,458 - vllm.engine.async_llm_engine - [async_llm_engine.py:578] - DEBUG', '2024-11-04 03:11:04,150 - vllm.engine.metrics - [metrics.py:295] - INFO', '2024-11-04 03:11:04,520 - vllm.engine.async_llm_engine - [async_llm_engine.py:134] - INFO', '2024-11-04 03:11:04,542 - vllm.engine.async_llm_engine - [async_llm_engine.py:564] - DEBUG']",0.0,0,3.1578149795532227
14,2018,8b75471e1a340ed5,0aff905c71c2b488,llm_request,2024-11-04 03:11:01.455632,2024-11-04 03:11:04.519437,[],OK,,1730689861.455632,1730689864.519437,0,0,0,0,0,0,0,0,0,0,0,0,0,0,0,0,0,[],0.0,0,3.063805103302002
15,2018,c398df6190af7504,8b75471e1a340ed5,llm_scheduler,2024-11-04 11:11:01.475008,2024-11-04 11:11:01.494384,[],OK,,1730689861.4750082,1730689861.494384,0,0,0,0,0,0,0,0,0,0,0,0,0,0,0,0,0,[],72.9,1005,0.01937580108642578
16,2018,c3588f2dd2d5ec9b,8b75471e1a340ed5,llm_generate,2024-11-04 11:11:01.950475,2024-11-04 11:11:04.490108,[],OK,,1730689861.950475,1730689864.4901085,0,0,0,0,0,0,0,0,0,0,0,0,0,0,0,0,0,[],72.9,1005,2.5396335124969482
17,2019,0a2fe125b46e221b,,query,2024-11-04 03:11:04.566145,2024-11-04 03:11:09.076715,[],OK,,1730689864.566145,1730689869.076715,1,4,2,20,4,1,1,0,0,1,1,1,1,1,0,1,1,"['2024-11-04 03:11:04,622 - urllib3.connectionpool - [connectionpool.py:546] - DEBUG', '2024-11-04 03:11:04,626 - httpcore.connection - [_trace.py:85] - DEBUG', '2024-11-04 03:11:04,628 - httpcore.connection - [_trace.py:85] - DEBUG', '2024-11-04 03:11:04,628 - httpcore.http11 - [_trace.py:85] - DEBUG', '2024-11-04 03:11:04,629 - httpcore.http11 - [_trace.py:85] - DEBUG', '2024-11-04 03:11:04,629 - httpcore.http11 - [_trace.py:85] - DEBUG', '2024-11-04 03:11:04,629 - httpcore.http11 - [_trace.py:85] - DEBUG', '2024-11-04 03:11:04,629 - httpcore.http11 - [_trace.py:85] - DEBUG', '2024-11-04 03:11:04,632 - httpcore.http11 - [_trace.py:85] - DEBUG', '2024-11-04 03:11:04,633 - httpx - [_client.py:1786] - INFO', '2024-11-04 03:11:04,633 - httpcore.http11 - [_trace.py:85] - DEBUG', '2024-11-04 03:11:04,635 - httpcore.http11 - [_trace.py:85] - DEBUG', '2024-11-04 03:11:04,635 - httpcore.http11 - [_trace.py:85] - DEBUG', '2024-11-04 03:11:04,635 - httpcore.http11 - [_trace.py:85] - DEBUG', '2024-11-04 03:11:04,635 - httpcore.connection - [_trace.py:85] - DEBUG', '2024-11-04 03:11:04,636 - httpcore.connection - [_trace.py:85] - DEBUG', '2024-11-04 03:11:05,646 - urllib3.connectionpool - [connectionpool.py:546] - DEBUG', '2024-11-04 03:11:05,648 - llmrca.create_vdb.pipeline.rag - [rag.py:117] - DEBUG', '2024-11-04 03:11:06,019 - urllib3.connectionpool - [connectionpool.py:546] - DEBUG', '2024-11-04 03:11:06,020 - llmrca.create_vdb.pipeline.rag - [rag.py:125] - DEBUG', '2024-11-04 03:11:06,020 - llmrca.create_vdb.pipeline.rag - [rag.py:133] - DEBUG', '2024-11-04 03:11:06,023 - openai._base_client - [_base_client.py:446] - DEBUG', '2024-11-04 03:11:06,024 - httpcore.http11 - [_trace.py:85] - DEBUG', '2024-11-04 03:11:06,024 - httpcore.http11 - [_trace.py:85] - DEBUG', '2024-11-04 03:11:06,024 - httpcore.http11 - [_trace.py:85] - DEBUG', '2024-11-04 03:11:06,024 - httpcore.http11 - [_trace.py:85] - DEBUG', '2024-11-04 03:11:06,024 - httpcore.http11 - [_trace.py:85] - DEBUG', '2024-11-04 03:11:09,064 - httpcore.http11 - [_trace.py:85] - DEBUG', '2024-11-04 03:11:09,065 - httpx - [_client.py:1786] - INFO', '2024-11-04 03:11:09,066 - httpcore.http11 - [_trace.py:85] - DEBUG', '2024-11-04 03:11:09,066 - httpcore.http11 - [_trace.py:85] - DEBUG', '2024-11-04 03:11:09,067 - httpcore.http11 - [_trace.py:85] - DEBUG', '2024-11-04 03:11:09,067 - httpcore.http11 - [_trace.py:85] - DEBUG', '2024-11-04 03:11:09,067 - openai._base_client - [_base_client.py:1585] - DEBUG', '2024-11-04 03:11:09,075 - urllib3.connectionpool - [connectionpool.py:546] - DEBUG', '2024-11-04 03:11:09,076 - llmrca.create_vdb.pipeline.rag - [rag.py:143] - INFO', '2024-11-04 03:11:06,085 - vllm.engine.async_llm_engine - [async_llm_engine.py:648] - INFO', '2024-11-04 03:11:06,087 - vllm.engine.async_llm_engine - [async_llm_engine.py:578] - DEBUG', '2024-11-04 03:11:09,042 - vllm.engine.async_llm_engine - [async_llm_engine.py:134] - INFO', '2024-11-04 03:11:09,065 - vllm.engine.async_llm_engine - [async_llm_engine.py:564] - DEBUG']",0.0,0,4.510570049285889
18,2019,c10a61c4f9429b9e,0a2fe125b46e221b,retrieve,2024-11-04 03:11:04.566899,2024-11-04 03:11:05.641653,[],OK,,1730689864.566899,1730689865.641653,0,4,1,10,1,0,0,0,0,0,0,0,0,0,0,0,0,"['2024-11-04 03:11:04,622 - urllib3.connectionpool - [connectionpool.py:546] - DEBUG', '2024-11-04 03:11:04,626 - httpcore.connection - [_trace.py:85] - DEBUG', '2024-11-04 03:11:04,628 - httpcore.connection - [_trace.py:85] - DEBUG', '2024-11-04 03:11:04,628 - httpcore.http11 - [_trace.py:85] - DEBUG', '2024-11-04 03:11:04,629 - httpcore.http11 - [_trace.py:85] - DEBUG', '2024-11-04 03:11:04,629 - httpcore.http11 - [_trace.py:85] - DEBUG', '2024-11-04 03:11:04,629 - httpcore.http11 - [_trace.py:85] - DEBUG', '2024-11-04 03:11:04,629 - httpcore.http11 - [_trace.py:85] - DEBUG', '2024-11-04 03:11:04,632 - httpcore.http11 - [_trace.py:85] - DEBUG', '2024-11-04 03:11:04,633 - httpx - [_client.py:1786] - INFO', '2024-11-04 03:11:04,633 - httpcore.http11 - [_trace.py:85] - DEBUG', '2024-11-04 03:11:04,635 - httpcore.http11 - [_trace.py:85] - DEBUG', '2024-11-04 03:11:04,635 - httpcore.http11 - [_trace.py:85] - DEBUG', '2024-11-04 03:11:04,635 - httpcore.http11 - [_trace.py:85] - DEBUG', '2024-11-04 03:11:04,635 - httpcore.connection - [_trace.py:85] - DEBUG', '2024-11-04 03:11:04,636 - httpcore.connection - [_trace.py:85] - DEBUG']",11.0,1005,1.074753999710083
19,2019,420e0270624b9c24,c10a61c4f9429b9e,embedding,2024-11-04 03:11:04.567675,2024-11-04 03:11:04.615771,[],OK,,1730689864.567675,1730689864.615771,0,0,0,0,0,0,0,0,0,0,0,0,0,0,0,0,0,[],11.0,1005,0.0480959415435791
20,2019,c28b4c9c899c852b,0a2fe125b46e221b,reranking,2024-11-04 03:11:05.650620,2024-11-04 03:11:06.016693,[],OK,,1730689865.65062,1730689866.016693,0,0,0,0,0,0,0,0,0,0,0,0,0,0,0,0,0,[],11.0,1005,0.3660731315612793
21,2019,75f6e5e71eb0fb10,0a2fe125b46e221b,llm,2024-11-04 03:11:06.021026,2024-11-04 03:11:09.069656,[],OK,,1730689866.021026,1730689869.069656,1,0,1,10,0,0,0,0,0,0,0,1,1,1,0,1,1,"['2024-11-04 03:11:06,023 - openai._base_client - [_base_client.py:446] - DEBUG', '2024-11-04 03:11:06,024 - httpcore.http11 - [_trace.py:85] - DEBUG', '2024-11-04 03:11:06,024 - httpcore.http11 - [_trace.py:85] - DEBUG', '2024-11-04 03:11:06,024 - httpcore.http11 - [_trace.py:85] - DEBUG', '2024-11-04 03:11:06,024 - httpcore.http11 - [_trace.py:85] - DEBUG', '2024-11-04 03:11:06,024 - httpcore.http11 - [_trace.py:85] - DEBUG', '2024-11-04 03:11:09,064 - httpcore.http11 - [_trace.py:85] - DEBUG', '2024-11-04 03:11:09,065 - httpx - [_client.py:1786] - INFO', '2024-11-04 03:11:09,066 - httpcore.http11 - [_trace.py:85] - DEBUG', '2024-11-04 03:11:09,066 - httpcore.http11 - [_trace.py:85] - DEBUG', '2024-11-04 03:11:09,067 - httpcore.http11 - [_trace.py:85] - DEBUG', '2024-11-04 03:11:09,067 - httpcore.http11 - [_trace.py:85] - DEBUG', '2024-11-04 03:11:09,067 - openai._base_client - [_base_client.py:1585] - DEBUG', '2024-11-04 03:11:06,085 - vllm.engine.async_llm_engine - [async_llm_engine.py:648] - INFO', '2024-11-04 03:11:06,087 - vllm.engine.async_llm_engine - [async_llm_engine.py:578] - DEBUG', '2024-11-04 03:11:09,042 - vllm.engine.async_llm_engine - [async_llm_engine.py:134] - INFO', '2024-11-04 03:11:09,065 - vllm.engine.async_llm_engine - [async_llm_engine.py:564] - DEBUG']",0.0,0,3.0486299991607666
22,2019,d31470c8acb14314,75f6e5e71eb0fb10,llm_request,2024-11-04 03:11:06.085049,2024-11-04 03:11:09.041916,[],OK,,1730689866.085049,1730689869.041916,0,0,0,0,0,0,0,0,0,0,0,0,0,0,0,0,0,[],0.0,0,2.956866979598999
23,2019,f8ea2dd73cd1748f,d31470c8acb14314,llm_scheduler,2024-11-04 11:11:06.106010,2024-11-04 11:11:06.126971,[],OK,,1730689866.1060102,1730689866.1269712,0,0,0,0,0,0,0,0,0,0,0,0,0,0,0,0,0,[],72.9,1005,0.02096104621887207
24,2019,086aa80e4a053aac,d31470c8acb14314,llm_generate,2024-11-04 11:11:06.584224,2024-11-04 11:11:09.012191,[],OK,,1730689866.5842235,1730689869.0121908,0,0,0,0,0,0,0,0,0,0,0,0,0,0,0,0,0,[],72.9,1005,2.4279673099517822
25,2025,28deaec688c108cd,,query,2024-11-04 03:11:30.627619,2024-11-04 03:11:34.962332,[],OK,,1730689890.627619,1730689894.962332,1,4,2,20,4,1,1,0,0,1,1,1,1,1,1,1,1,"['2024-11-04 03:11:30,681 - urllib3.connectionpool - [connectionpool.py:546] - DEBUG', '2024-11-04 03:11:30,685 - httpcore.connection - [_trace.py:85] - DEBUG', '2024-11-04 03:11:30,687 - httpcore.connection - [_trace.py:85] - DEBUG', '2024-11-04 03:11:30,687 - httpcore.http11 - [_trace.py:85] - DEBUG', '2024-11-04 03:11:30,688 - httpcore.http11 - [_trace.py:85] - DEBUG', '2024-11-04 03:11:30,688 - httpcore.http11 - [_trace.py:85] - DEBUG', '2024-11-04 03:11:30,688 - httpcore.http11 - [_trace.py:85] - DEBUG', '2024-11-04 03:11:30,688 - httpcore.http11 - [_trace.py:85] - DEBUG', '2024-11-04 03:11:30,691 - httpcore.http11 - [_trace.py:85] - DEBUG', '2024-11-04 03:11:30,691 - httpx - [_client.py:1786] - INFO', '2024-11-04 03:11:30,691 - httpcore.http11 - [_trace.py:85] - DEBUG', '2024-11-04 03:11:30,693 - httpcore.http11 - [_trace.py:85] - DEBUG', '2024-11-04 03:11:30,693 - httpcore.http11 - [_trace.py:85] - DEBUG', '2024-11-04 03:11:30,694 - httpcore.http11 - [_trace.py:85] - DEBUG', '2024-11-04 03:11:30,694 - httpcore.connection - [_trace.py:85] - DEBUG', '2024-11-04 03:11:30,694 - httpcore.connection - [_trace.py:85] - DEBUG', '2024-11-04 03:11:31,709 - urllib3.connectionpool - [connectionpool.py:546] - DEBUG', '2024-11-04 03:11:31,713 - llmrca.create_vdb.pipeline.rag - [rag.py:117] - DEBUG', '2024-11-04 03:11:32,104 - urllib3.connectionpool - [connectionpool.py:546] - DEBUG', '2024-11-04 03:11:32,104 - llmrca.create_vdb.pipeline.rag - [rag.py:125] - DEBUG', '2024-11-04 03:11:32,104 - llmrca.create_vdb.pipeline.rag - [rag.py:133] - DEBUG', '2024-11-04 03:11:32,107 - openai._base_client - [_base_client.py:446] - DEBUG', '2024-11-04 03:11:32,108 - httpcore.http11 - [_trace.py:85] - DEBUG', '2024-11-04 03:11:32,108 - httpcore.http11 - [_trace.py:85] - DEBUG', '2024-11-04 03:11:32,108 - httpcore.http11 - [_trace.py:85] - DEBUG', '2024-11-04 03:11:32,109 - httpcore.http11 - [_trace.py:85] - DEBUG', '2024-11-04 03:11:32,109 - httpcore.http11 - [_trace.py:85] - DEBUG', '2024-11-04 03:11:34,949 - httpcore.http11 - [_trace.py:85] - DEBUG', '2024-11-04 03:11:34,950 - httpx - [_client.py:1786] - INFO', '2024-11-04 03:11:34,951 - httpcore.http11 - [_trace.py:85] - DEBUG', '2024-11-04 03:11:34,951 - httpcore.http11 - [_trace.py:85] - DEBUG', '2024-11-04 03:11:34,952 - httpcore.http11 - [_trace.py:85] - DEBUG', '2024-11-04 03:11:34,952 - httpcore.http11 - [_trace.py:85] - DEBUG', '2024-11-04 03:11:34,953 - openai._base_client - [_base_client.py:1585] - DEBUG', '2024-11-04 03:11:34,961 - urllib3.connectionpool - [connectionpool.py:546] - DEBUG', '2024-11-04 03:11:34,962 - llmrca.create_vdb.pipeline.rag - [rag.py:143] - INFO', '2024-11-04 03:11:32,167 - vllm.engine.async_llm_engine - [async_llm_engine.py:648] - INFO', '2024-11-04 03:11:32,170 - vllm.engine.async_llm_engine - [async_llm_engine.py:578] - DEBUG', '2024-11-04 03:11:33,189 - vllm.engine.metrics - [metrics.py:295] - INFO', '2024-11-04 03:11:34,927 - vllm.engine.async_llm_engine - [async_llm_engine.py:134] - INFO', '2024-11-04 03:11:34,950 - vllm.engine.async_llm_engine - [async_llm_engine.py:564] - DEBUG']",0.0,0,4.334712982177734
26,2025,db6cb30b5de3d4ec,28deaec688c108cd,retrieve,2024-11-04 03:11:30.628367,2024-11-04 03:11:31.701217,[],OK,,1730689890.628367,1730689891.701217,0,4,1,10,1,0,0,0,0,0,0,0,0,0,0,0,0,"['2024-11-04 03:11:30,681 - urllib3.connectionpool - [connectionpool.py:546] - DEBUG', '2024-11-04 03:11:30,685 - httpcore.connection - [_trace.py:85] - DEBUG', '2024-11-04 03:11:30,687 - httpcore.connection - [_trace.py:85] - DEBUG', '2024-11-04 03:11:30,687 - httpcore.http11 - [_trace.py:85] - DEBUG', '2024-11-04 03:11:30,688 - httpcore.http11 - [_trace.py:85] - DEBUG', '2024-11-04 03:11:30,688 - httpcore.http11 - [_trace.py:85] - DEBUG', '2024-11-04 03:11:30,688 - httpcore.http11 - [_trace.py:85] - DEBUG', '2024-11-04 03:11:30,688 - httpcore.http11 - [_trace.py:85] - DEBUG', '2024-11-04 03:11:30,691 - httpcore.http11 - [_trace.py:85] - DEBUG', '2024-11-04 03:11:30,691 - httpx - [_client.py:1786] - INFO', '2024-11-04 03:11:30,691 - httpcore.http11 - [_trace.py:85] - DEBUG', '2024-11-04 03:11:30,693 - httpcore.http11 - [_trace.py:85] - DEBUG', '2024-11-04 03:11:30,693 - httpcore.http11 - [_trace.py:85] - DEBUG', '2024-11-04 03:11:30,694 - httpcore.http11 - [_trace.py:85] - DEBUG', '2024-11-04 03:11:30,694 - httpcore.connection - [_trace.py:85] - DEBUG', '2024-11-04 03:11:30,694 - httpcore.connection - [_trace.py:85] - DEBUG']",12.2,1005,1.072849988937378
27,2025,55b5c9832ec6d515,db6cb30b5de3d4ec,embedding,2024-11-04 03:11:30.629100,2024-11-04 03:11:30.676681,[],OK,,1730689890.6291,1730689890.676681,0,0,0,0,0,0,0,0,0,0,0,0,0,0,0,0,0,[],12.2,1005,0.04758095741271973
28,2025,72a686cecef85c7f,28deaec688c108cd,reranking,2024-11-04 03:11:31.716629,2024-11-04 03:11:32.099488,[],OK,,1730689891.716629,1730689892.099488,0,0,0,0,0,0,0,0,0,0,0,0,0,0,0,0,0,[],12.2,1005,0.3828589916229248
29,2025,b432d1c9525732bb,28deaec688c108cd,llm,2024-11-04 03:11:32.105384,2024-11-04 03:11:34.954811,[],OK,,1730689892.105384,1730689894.954811,1,0,1,10,0,0,0,0,0,0,0,1,1,1,1,1,1,"['2024-11-04 03:11:32,107 - openai._base_client - [_base_client.py:446] - DEBUG', '2024-11-04 03:11:32,108 - httpcore.http11 - [_trace.py:85] - DEBUG', '2024-11-04 03:11:32,108 - httpcore.http11 - [_trace.py:85] - DEBUG', '2024-11-04 03:11:32,108 - httpcore.http11 - [_trace.py:85] - DEBUG', '2024-11-04 03:11:32,109 - httpcore.http11 - [_trace.py:85] - DEBUG', '2024-11-04 03:11:32,109 - httpcore.http11 - [_trace.py:85] - DEBUG', '2024-11-04 03:11:34,949 - httpcore.http11 - [_trace.py:85] - DEBUG', '2024-11-04 03:11:34,950 - httpx - [_client.py:1786] - INFO', '2024-11-04 03:11:34,951 - httpcore.http11 - [_trace.py:85] - DEBUG', '2024-11-04 03:11:34,951 - httpcore.http11 - [_trace.py:85] - DEBUG', '2024-11-04 03:11:34,952 - httpcore.http11 - [_trace.py:85] - DEBUG', '2024-11-04 03:11:34,952 - httpcore.http11 - [_trace.py:85] - DEBUG', '2024-11-04 03:11:34,953 - openai._base_client - [_base_client.py:1585] - DEBUG', '2024-11-04 03:11:32,167 - vllm.engine.async_llm_engine - [async_llm_engine.py:648] - INFO', '2024-11-04 03:11:32,170 - vllm.engine.async_llm_engine - [async_llm_engine.py:578] - DEBUG', '2024-11-04 03:11:33,189 - vllm.engine.metrics - [metrics.py:295] - INFO', '2024-11-04 03:11:34,927 - vllm.engine.async_llm_engine - [async_llm_engine.py:134] - INFO', '2024-11-04 03:11:34,950 - vllm.engine.async_llm_engine - [async_llm_engine.py:564] - DEBUG']",0.0,0,2.8494269847869873
30,2025,6f6972a557ed0cd1,b432d1c9525732bb,llm_request,2024-11-04 03:11:32.167570,2024-11-04 03:11:34.926928,[],OK,,1730689892.16757,1730689894.926928,0,0,0,0,0,0,0,0,0,0,0,0,0,0,0,0,0,[],0.0,0,2.7593579292297363
31,2025,44e650e7e13ed90e,6f6972a557ed0cd1,llm_scheduler,2024-11-04 11:11:32.187530,2024-11-04 11:11:32.207489,[],OK,,1730689892.1875298,1730689892.2074893,0,0,0,0,0,0,0,0,0,0,0,0,0,0,0,0,0,[],72.3,1005,0.019959449768066406
32,2025,9a648f9475b4dc5a,6f6972a557ed0cd1,llm_generate,2024-11-04 11:11:32.664536,2024-11-04 11:11:34.897113,[],OK,,1730689892.664536,1730689894.8971128,0,0,0,0,0,0,0,0,0,0,0,0,0,0,0,0,0,[],72.8,1005,2.232576847076416
33,2026,1ad4376b2fcc1d6c,,query,2024-11-04 03:11:34.974380,2024-11-04 03:11:39.399871,[],OK,,1730689894.97438,1730689899.399871,1,4,2,20,4,1,1,0,0,1,1,1,1,1,1,1,1,"['2024-11-04 03:11:35,028 - urllib3.connectionpool - [connectionpool.py:546] - DEBUG', '2024-11-04 03:11:35,033 - httpcore.connection - [_trace.py:85] - DEBUG', '2024-11-04 03:11:35,034 - httpcore.connection - [_trace.py:85] - DEBUG', '2024-11-04 03:11:35,034 - httpcore.http11 - [_trace.py:85] - DEBUG', '2024-11-04 03:11:35,035 - httpcore.http11 - [_trace.py:85] - DEBUG', '2024-11-04 03:11:35,035 - httpcore.http11 - [_trace.py:85] - DEBUG', '2024-11-04 03:11:35,036 - httpcore.http11 - [_trace.py:85] - DEBUG', '2024-11-04 03:11:35,036 - httpcore.http11 - [_trace.py:85] - DEBUG', '2024-11-04 03:11:35,038 - httpcore.http11 - [_trace.py:85] - DEBUG', '2024-11-04 03:11:35,038 - httpx - [_client.py:1786] - INFO', '2024-11-04 03:11:35,038 - httpcore.http11 - [_trace.py:85] - DEBUG', '2024-11-04 03:11:35,040 - httpcore.http11 - [_trace.py:85] - DEBUG', '2024-11-04 03:11:35,040 - httpcore.http11 - [_trace.py:85] - DEBUG', '2024-11-04 03:11:35,040 - httpcore.http11 - [_trace.py:85] - DEBUG', '2024-11-04 03:11:35,041 - httpcore.connection - [_trace.py:85] - DEBUG', '2024-11-04 03:11:35,041 - httpcore.connection - [_trace.py:85] - DEBUG', '2024-11-04 03:11:36,057 - urllib3.connectionpool - [connectionpool.py:546] - DEBUG', '2024-11-04 03:11:36,060 - llmrca.create_vdb.pipeline.rag - [rag.py:117] - DEBUG', '2024-11-04 03:11:36,450 - urllib3.connectionpool - [connectionpool.py:546] - DEBUG', '2024-11-04 03:11:36,451 - llmrca.create_vdb.pipeline.rag - [rag.py:125] - DEBUG', '2024-11-04 03:11:36,451 - llmrca.create_vdb.pipeline.rag - [rag.py:133] - DEBUG', '2024-11-04 03:11:36,454 - openai._base_client - [_base_client.py:446] - DEBUG', '2024-11-04 03:11:36,455 - httpcore.http11 - [_trace.py:85] - DEBUG', '2024-11-04 03:11:36,455 - httpcore.http11 - [_trace.py:85] - DEBUG', '2024-11-04 03:11:36,455 - httpcore.http11 - [_trace.py:85] - DEBUG', '2024-11-04 03:11:36,455 - httpcore.http11 - [_trace.py:85] - DEBUG', '2024-11-04 03:11:36,456 - httpcore.http11 - [_trace.py:85] - DEBUG', '2024-11-04 03:11:39,387 - httpcore.http11 - [_trace.py:85] - DEBUG', '2024-11-04 03:11:39,387 - httpx - [_client.py:1786] - INFO', '2024-11-04 03:11:39,388 - httpcore.http11 - [_trace.py:85] - DEBUG', '2024-11-04 03:11:39,389 - httpcore.http11 - [_trace.py:85] - DEBUG', '2024-11-04 03:11:39,389 - httpcore.http11 - [_trace.py:85] - DEBUG', '2024-11-04 03:11:39,389 - httpcore.http11 - [_trace.py:85] - DEBUG', '2024-11-04 03:11:39,390 - openai._base_client - [_base_client.py:1585] - DEBUG', '2024-11-04 03:11:39,398 - urllib3.connectionpool - [connectionpool.py:546] - DEBUG', '2024-11-04 03:11:39,399 - llmrca.create_vdb.pipeline.rag - [rag.py:143] - INFO', '2024-11-04 03:11:36,514 - vllm.engine.async_llm_engine - [async_llm_engine.py:648] - INFO', '2024-11-04 03:11:36,517 - vllm.engine.async_llm_engine - [async_llm_engine.py:578] - DEBUG', '2024-11-04 03:11:38,196 - vllm.engine.metrics - [metrics.py:295] - INFO', '2024-11-04 03:11:39,365 - vllm.engine.async_llm_engine - [async_llm_engine.py:134] - INFO', '2024-11-04 03:11:39,387 - vllm.engine.async_llm_engine - [async_llm_engine.py:564] - DEBUG']",0.0,0,4.425491094589233
34,2026,428dcdcd7afbec0f,1ad4376b2fcc1d6c,retrieve,2024-11-04 03:11:34.975161,2024-11-04 03:11:36.048837,[],OK,,1730689894.975161,1730689896.048837,0,4,1,10,1,0,0,0,0,0,0,0,0,0,0,0,0,"['2024-11-04 03:11:35,028 - urllib3.connectionpool - [connectionpool.py:546] - DEBUG', '2024-11-04 03:11:35,033 - httpcore.connection - [_trace.py:85] - DEBUG', '2024-11-04 03:11:35,034 - httpcore.connection - [_trace.py:85] - DEBUG', '2024-11-04 03:11:35,034 - httpcore.http11 - [_trace.py:85] - DEBUG', '2024-11-04 03:11:35,035 - httpcore.http11 - [_trace.py:85] - DEBUG', '2024-11-04 03:11:35,035 - httpcore.http11 - [_trace.py:85] - DEBUG', '2024-11-04 03:11:35,036 - httpcore.http11 - [_trace.py:85] - DEBUG', '2024-11-04 03:11:35,036 - httpcore.http11 - [_trace.py:85] - DEBUG', '2024-11-04 03:11:35,038 - httpcore.http11 - [_trace.py:85] - DEBUG', '2024-11-04 03:11:35,038 - httpx - [_client.py:1786] - INFO', '2024-11-04 03:11:35,038 - httpcore.http11 - [_trace.py:85] - DEBUG', '2024-11-04 03:11:35,040 - httpcore.http11 - [_trace.py:85] - DEBUG', '2024-11-04 03:11:35,040 - httpcore.http11 - [_trace.py:85] - DEBUG', '2024-11-04 03:11:35,040 - httpcore.http11 - [_trace.py:85] - DEBUG', '2024-11-04 03:11:35,041 - httpcore.connection - [_trace.py:85] - DEBUG', '2024-11-04 03:11:35,041 - httpcore.connection - [_trace.py:85] - DEBUG']",12.0,1005,1.0736758708953857
35,2026,56d2edbdcb5ff263,428dcdcd7afbec0f,embedding,2024-11-04 03:11:34.975873,2024-11-04 03:11:35.023240,[],OK,,1730689894.975873,1730689895.02324,0,0,0,0,0,0,0,0,0,0,0,0,0,0,0,0,0,[],12.0,1005,0.047367095947265625
36,2026,7bedeeb97c8253b7,1ad4376b2fcc1d6c,reranking,2024-11-04 03:11:36.067008,2024-11-04 03:11:36.446406,[],OK,,1730689896.067008,1730689896.446406,0,0,0,0,0,0,0,0,0,0,0,0,0,0,0,0,0,[],12.0,1005,0.3793978691101074
37,2026,ddab240b5fbe264b,1ad4376b2fcc1d6c,llm,2024-11-04 03:11:36.452174,2024-11-04 03:11:39.392000,[],OK,,1730689896.452174,1730689899.392,1,0,1,10,0,0,0,0,0,0,0,1,1,1,1,1,1,"['2024-11-04 03:11:36,454 - openai._base_client - [_base_client.py:446] - DEBUG', '2024-11-04 03:11:36,455 - httpcore.http11 - [_trace.py:85] - DEBUG', '2024-11-04 03:11:36,455 - httpcore.http11 - [_trace.py:85] - DEBUG', '2024-11-04 03:11:36,455 - httpcore.http11 - [_trace.py:85] - DEBUG', '2024-11-04 03:11:36,455 - httpcore.http11 - [_trace.py:85] - DEBUG', '2024-11-04 03:11:36,456 - httpcore.http11 - [_trace.py:85] - DEBUG', '2024-11-04 03:11:39,387 - httpcore.http11 - [_trace.py:85] - DEBUG', '2024-11-04 03:11:39,387 - httpx - [_client.py:1786] - INFO', '2024-11-04 03:11:39,388 - httpcore.http11 - [_trace.py:85] - DEBUG', '2024-11-04 03:11:39,389 - httpcore.http11 - [_trace.py:85] - DEBUG', '2024-11-04 03:11:39,389 - httpcore.http11 - [_trace.py:85] - DEBUG', '2024-11-04 03:11:39,389 - httpcore.http11 - [_trace.py:85] - DEBUG', '2024-11-04 03:11:39,390 - openai._base_client - [_base_client.py:1585] - DEBUG', '2024-11-04 03:11:36,514 - vllm.engine.async_llm_engine - [async_llm_engine.py:648] - INFO', '2024-11-04 03:11:36,517 - vllm.engine.async_llm_engine - [async_llm_engine.py:578] - DEBUG', '2024-11-04 03:11:38,196 - vllm.engine.metrics - [metrics.py:295] - INFO', '2024-11-04 03:11:39,365 - vllm.engine.async_llm_engine - [async_llm_engine.py:134] - INFO', '2024-11-04 03:11:39,387 - vllm.engine.async_llm_engine - [async_llm_engine.py:564] - DEBUG']",0.0,0,2.939826011657715
38,2026,52f29d2c3747414b,ddab240b5fbe264b,llm_request,2024-11-04 03:11:36.514791,2024-11-04 03:11:39.365080,[],OK,,1730689896.514791,1730689899.36508,0,0,0,0,0,0,0,0,0,0,0,0,0,0,0,0,0,[],0.0,0,2.8502891063690186
39,2026,c2521da269427e0d,52f29d2c3747414b,llm_scheduler,2024-11-04 11:11:36.535170,2024-11-04 11:11:36.555549,[],OK,,1730689896.53517,1730689896.5555494,0,0,0,0,0,0,0,0,0,0,0,0,0,0,0,0,0,[],72.8,1005,0.020379304885864258
40,2026,93a8e616ee51138e,52f29d2c3747414b,llm_generate,2024-11-04 11:11:37.010350,2024-11-04 11:11:39.338192,[],OK,,1730689897.0103502,1730689899.3381925,0,0,0,0,0,0,0,0,0,0,0,0,0,0,0,0,0,[],72.8,1005,2.3278422355651855
41,2031,da7a6c4d5abfffd2,,query,2024-11-04 03:11:57.849233,2024-11-04 03:12:02.403279,[],OK,,1730689917.849233,1730689922.403279,1,4,2,20,4,1,1,0,0,1,1,1,1,1,1,1,1,"['2024-11-04 03:11:57,907 - urllib3.connectionpool - [connectionpool.py:546] - DEBUG', '2024-11-04 03:11:57,912 - httpcore.connection - [_trace.py:85] - DEBUG', '2024-11-04 03:11:57,913 - httpcore.connection - [_trace.py:85] - DEBUG', '2024-11-04 03:11:57,913 - httpcore.http11 - [_trace.py:85] - DEBUG', '2024-11-04 03:11:57,914 - httpcore.http11 - [_trace.py:85] - DEBUG', '2024-11-04 03:11:57,914 - httpcore.http11 - [_trace.py:85] - DEBUG', '2024-11-04 03:11:57,914 - httpcore.http11 - [_trace.py:85] - DEBUG', '2024-11-04 03:11:57,915 - httpcore.http11 - [_trace.py:85] - DEBUG', '2024-11-04 03:11:57,917 - httpcore.http11 - [_trace.py:85] - DEBUG', '2024-11-04 03:11:57,917 - httpx - [_client.py:1786] - INFO', '2024-11-04 03:11:57,918 - httpcore.http11 - [_trace.py:85] - DEBUG', '2024-11-04 03:11:57,919 - httpcore.http11 - [_trace.py:85] - DEBUG', '2024-11-04 03:11:57,920 - httpcore.http11 - [_trace.py:85] - DEBUG', '2024-11-04 03:11:57,920 - httpcore.http11 - [_trace.py:85] - DEBUG', '2024-11-04 03:11:57,920 - httpcore.connection - [_trace.py:85] - DEBUG', '2024-11-04 03:11:57,921 - httpcore.connection - [_trace.py:85] - DEBUG', '2024-11-04 03:11:58,942 - urllib3.connectionpool - [connectionpool.py:546] - DEBUG', '2024-11-04 03:11:58,946 - llmrca.create_vdb.pipeline.rag - [rag.py:117] - DEBUG', '2024-11-04 03:11:59,339 - urllib3.connectionpool - [connectionpool.py:546] - DEBUG', '2024-11-04 03:11:59,340 - llmrca.create_vdb.pipeline.rag - [rag.py:125] - DEBUG', '2024-11-04 03:11:59,340 - llmrca.create_vdb.pipeline.rag - [rag.py:133] - DEBUG', '2024-11-04 03:11:59,343 - openai._base_client - [_base_client.py:446] - DEBUG', '2024-11-04 03:11:59,344 - httpcore.http11 - [_trace.py:85] - DEBUG', '2024-11-04 03:11:59,344 - httpcore.http11 - [_trace.py:85] - DEBUG', '2024-11-04 03:11:59,344 - httpcore.http11 - [_trace.py:85] - DEBUG', '2024-11-04 03:11:59,344 - httpcore.http11 - [_trace.py:85] - DEBUG', '2024-11-04 03:11:59,344 - httpcore.http11 - [_trace.py:85] - DEBUG', '2024-11-04 03:12:02,394 - httpcore.http11 - [_trace.py:85] - DEBUG', '2024-11-04 03:12:02,395 - httpx - [_client.py:1786] - INFO', '2024-11-04 03:12:02,395 - httpcore.http11 - [_trace.py:85] - DEBUG', '2024-11-04 03:12:02,396 - httpcore.http11 - [_trace.py:85] - DEBUG', '2024-11-04 03:12:02,396 - httpcore.http11 - [_trace.py:85] - DEBUG', '2024-11-04 03:12:02,396 - httpcore.http11 - [_trace.py:85] - DEBUG', '2024-11-04 03:12:02,396 - openai._base_client - [_base_client.py:1585] - DEBUG', '2024-11-04 03:12:02,401 - urllib3.connectionpool - [connectionpool.py:546] - DEBUG', '2024-11-04 03:12:02,403 - llmrca.create_vdb.pipeline.rag - [rag.py:143] - INFO', '2024-11-04 03:11:59,407 - vllm.engine.async_llm_engine - [async_llm_engine.py:648] - INFO', '2024-11-04 03:11:59,411 - vllm.engine.async_llm_engine - [async_llm_engine.py:578] - DEBUG', '2024-11-04 03:12:00,412 - vllm.engine.metrics - [metrics.py:295] - INFO', '2024-11-04 03:12:02,373 - vllm.engine.async_llm_engine - [async_llm_engine.py:134] - INFO', '2024-11-04 03:12:02,395 - vllm.engine.async_llm_engine - [async_llm_engine.py:564] - DEBUG']",0.0,0,4.554046154022217
42,2031,aa3201f47dc4de76,da7a6c4d5abfffd2,retrieve,2024-11-04 03:11:57.849999,2024-11-04 03:11:58.928444,[],OK,,1730689917.849999,1730689918.928444,0,4,1,10,1,0,0,0,0,0,0,0,0,0,0,0,0,"['2024-11-04 03:11:57,907 - urllib3.connectionpool - [connectionpool.py:546] - DEBUG', '2024-11-04 03:11:57,912 - httpcore.connection - [_trace.py:85] - DEBUG', '2024-11-04 03:11:57,913 - httpcore.connection - [_trace.py:85] - DEBUG', '2024-11-04 03:11:57,913 - httpcore.http11 - [_trace.py:85] - DEBUG', '2024-11-04 03:11:57,914 - httpcore.http11 - [_trace.py:85] - DEBUG', '2024-11-04 03:11:57,914 - httpcore.http11 - [_trace.py:85] - DEBUG', '2024-11-04 03:11:57,914 - httpcore.http11 - [_trace.py:85] - DEBUG', '2024-11-04 03:11:57,915 - httpcore.http11 - [_trace.py:85] - DEBUG', '2024-11-04 03:11:57,917 - httpcore.http11 - [_trace.py:85] - DEBUG', '2024-11-04 03:11:57,917 - httpx - [_client.py:1786] - INFO', '2024-11-04 03:11:57,918 - httpcore.http11 - [_trace.py:85] - DEBUG', '2024-11-04 03:11:57,919 - httpcore.http11 - [_trace.py:85] - DEBUG', '2024-11-04 03:11:57,920 - httpcore.http11 - [_trace.py:85] - DEBUG', '2024-11-04 03:11:57,920 - httpcore.http11 - [_trace.py:85] - DEBUG', '2024-11-04 03:11:57,920 - httpcore.connection - [_trace.py:85] - DEBUG', '2024-11-04 03:11:57,921 - httpcore.connection - [_trace.py:85] - DEBUG']",12.4,1005,1.0784449577331543
43,2031,0283d2639f78f08b,aa3201f47dc4de76,embedding,2024-11-04 03:11:57.850722,2024-11-04 03:11:57.902307,[],OK,,1730689917.850722,1730689917.902307,0,0,0,0,0,0,0,0,0,0,0,0,0,0,0,0,0,[],12.4,1005,0.05158495903015137
44,2031,722c3953e39a2a4b,da7a6c4d5abfffd2,reranking,2024-11-04 03:11:58.951267,2024-11-04 03:11:59.334868,[],OK,,1730689918.951267,1730689919.334868,0,0,0,0,0,0,0,0,0,0,0,0,0,0,0,0,0,[],20.0,1005,0.38360095024108887
45,2031,4779bb4327233a76,da7a6c4d5abfffd2,llm,2024-11-04 03:11:59.340996,2024-11-04 03:12:02.397563,[],OK,,1730689919.340996,1730689922.397563,1,0,1,10,0,0,0,0,0,0,0,1,1,1,1,1,1,"['2024-11-04 03:11:59,343 - openai._base_client - [_base_client.py:446] - DEBUG', '2024-11-04 03:11:59,344 - httpcore.http11 - [_trace.py:85] - DEBUG', '2024-11-04 03:11:59,344 - httpcore.http11 - [_trace.py:85] - DEBUG', '2024-11-04 03:11:59,344 - httpcore.http11 - [_trace.py:85] - DEBUG', '2024-11-04 03:11:59,344 - httpcore.http11 - [_trace.py:85] - DEBUG', '2024-11-04 03:11:59,344 - httpcore.http11 - [_trace.py:85] - DEBUG', '2024-11-04 03:12:02,394 - httpcore.http11 - [_trace.py:85] - DEBUG', '2024-11-04 03:12:02,395 - httpx - [_client.py:1786] - INFO', '2024-11-04 03:12:02,395 - httpcore.http11 - [_trace.py:85] - DEBUG', '2024-11-04 03:12:02,396 - httpcore.http11 - [_trace.py:85] - DEBUG', '2024-11-04 03:12:02,396 - httpcore.http11 - [_trace.py:85] - DEBUG', '2024-11-04 03:12:02,396 - httpcore.http11 - [_trace.py:85] - DEBUG', '2024-11-04 03:12:02,396 - openai._base_client - [_base_client.py:1585] - DEBUG', '2024-11-04 03:11:59,407 - vllm.engine.async_llm_engine - [async_llm_engine.py:648] - INFO', '2024-11-04 03:11:59,411 - vllm.engine.async_llm_engine - [async_llm_engine.py:578] - DEBUG', '2024-11-04 03:12:00,412 - vllm.engine.metrics - [metrics.py:295] - INFO', '2024-11-04 03:12:02,373 - vllm.engine.async_llm_engine - [async_llm_engine.py:134] - INFO', '2024-11-04 03:12:02,395 - vllm.engine.async_llm_engine - [async_llm_engine.py:564] - DEBUG']",0.0,0,3.0565669536590576
46,2031,b720fabacc5d5cd8,4779bb4327233a76,llm_request,2024-11-04 03:11:59.407442,2024-11-04 03:12:02.373118,[],OK,,1730689919.407442,1730689922.373118,0,0,0,0,0,0,0,0,0,0,0,0,0,0,0,0,0,[],0.0,0,2.9656758308410645
47,2031,7d89d4c26d2769fa,b720fabacc5d5cd8,llm_scheduler,2024-11-04 11:11:59.439503,2024-11-04 11:11:59.471564,[],OK,,1730689919.439503,1730689919.4715638,0,0,0,0,0,0,0,0,0,0,0,0,0,0,0,0,0,[],63.5,1005,0.032060861587524414
48,2031,9529d8956e5b389b,b720fabacc5d5cd8,llm_generate,2024-11-04 11:11:59.918363,2024-11-04 11:12:02.345871,[],OK,,1730689919.918363,1730689922.3458707,0,0,0,0,0,0,0,0,0,0,0,0,0,0,0,0,0,[],63.5,1005,2.4275076389312744
49,2035,e62ad7fedb3c428a,,query,2024-11-04 03:12:16.439341,2024-11-04 03:12:21.030203,[],OK,,1730689936.439341,1730689941.030203,1,4,2,20,4,1,1,0,0,1,1,1,1,1,1,1,1,"['2024-11-04 03:12:16,496 - urllib3.connectionpool - [connectionpool.py:546] - DEBUG', '2024-11-04 03:12:16,500 - httpcore.connection - [_trace.py:85] - DEBUG', '2024-11-04 03:12:16,502 - httpcore.connection - [_trace.py:85] - DEBUG', '2024-11-04 03:12:16,502 - httpcore.http11 - [_trace.py:85] - DEBUG', '2024-11-04 03:12:16,503 - httpcore.http11 - [_trace.py:85] - DEBUG', '2024-11-04 03:12:16,503 - httpcore.http11 - [_trace.py:85] - DEBUG', '2024-11-04 03:12:16,503 - httpcore.http11 - [_trace.py:85] - DEBUG', '2024-11-04 03:12:16,503 - httpcore.http11 - [_trace.py:85] - DEBUG', '2024-11-04 03:12:16,505 - httpcore.http11 - [_trace.py:85] - DEBUG', '2024-11-04 03:12:16,506 - httpx - [_client.py:1786] - INFO', '2024-11-04 03:12:16,506 - httpcore.http11 - [_trace.py:85] - DEBUG', '2024-11-04 03:12:16,507 - httpcore.http11 - [_trace.py:85] - DEBUG', '2024-11-04 03:12:16,508 - httpcore.http11 - [_trace.py:85] - DEBUG', '2024-11-04 03:12:16,508 - httpcore.http11 - [_trace.py:85] - DEBUG', '2024-11-04 03:12:16,508 - httpcore.connection - [_trace.py:85] - DEBUG', '2024-11-04 03:12:16,508 - httpcore.connection - [_trace.py:85] - DEBUG', '2024-11-04 03:12:17,524 - urllib3.connectionpool - [connectionpool.py:546] - DEBUG', '2024-11-04 03:12:17,528 - llmrca.create_vdb.pipeline.rag - [rag.py:117] - DEBUG', '2024-11-04 03:12:17,918 - urllib3.connectionpool - [connectionpool.py:546] - DEBUG', '2024-11-04 03:12:17,918 - llmrca.create_vdb.pipeline.rag - [rag.py:125] - DEBUG', '2024-11-04 03:12:17,918 - llmrca.create_vdb.pipeline.rag - [rag.py:133] - DEBUG', '2024-11-04 03:12:17,922 - openai._base_client - [_base_client.py:446] - DEBUG', '2024-11-04 03:12:17,923 - httpcore.http11 - [_trace.py:85] - DEBUG', '2024-11-04 03:12:17,923 - httpcore.http11 - [_trace.py:85] - DEBUG', '2024-11-04 03:12:17,923 - httpcore.http11 - [_trace.py:85] - DEBUG', '2024-11-04 03:12:17,923 - httpcore.http11 - [_trace.py:85] - DEBUG', '2024-11-04 03:12:17,923 - httpcore.http11 - [_trace.py:85] - DEBUG', '2024-11-04 03:12:21,016 - httpcore.http11 - [_trace.py:85] - DEBUG', '2024-11-04 03:12:21,017 - httpx - [_client.py:1786] - INFO', '2024-11-04 03:12:21,017 - httpcore.http11 - [_trace.py:85] - DEBUG', '2024-11-04 03:12:21,018 - httpcore.http11 - [_trace.py:85] - DEBUG', '2024-11-04 03:12:21,018 - httpcore.http11 - [_trace.py:85] - DEBUG', '2024-11-04 03:12:21,019 - httpcore.http11 - [_trace.py:85] - DEBUG', '2024-11-04 03:12:21,019 - openai._base_client - [_base_client.py:1585] - DEBUG', '2024-11-04 03:12:21,028 - urllib3.connectionpool - [connectionpool.py:546] - DEBUG', '2024-11-04 03:12:21,029 - llmrca.create_vdb.pipeline.rag - [rag.py:143] - INFO', '2024-11-04 03:12:17,981 - vllm.engine.async_llm_engine - [async_llm_engine.py:648] - INFO', '2024-11-04 03:12:17,984 - vllm.engine.async_llm_engine - [async_llm_engine.py:578] - DEBUG', '2024-11-04 03:12:20,631 - vllm.engine.metrics - [metrics.py:295] - INFO', '2024-11-04 03:12:20,993 - vllm.engine.async_llm_engine - [async_llm_engine.py:134] - INFO', '2024-11-04 03:12:21,016 - vllm.engine.async_llm_engine - [async_llm_engine.py:564] - DEBUG']",0.0,0,4.590862035751343
50,2035,bf26bde5a270bbbc,e62ad7fedb3c428a,retrieve,2024-11-04 03:12:16.440099,2024-11-04 03:12:17.515120,[],OK,,1730689936.440099,1730689937.51512,0,4,1,10,1,0,0,0,0,0,0,0,0,0,0,0,0,"['2024-11-04 03:12:16,496 - urllib3.connectionpool - [connectionpool.py:546] - DEBUG', '2024-11-04 03:12:16,500 - httpcore.connection - [_trace.py:85] - DEBUG', '2024-11-04 03:12:16,502 - httpcore.connection - [_trace.py:85] - DEBUG', '2024-11-04 03:12:16,502 - httpcore.http11 - [_trace.py:85] - DEBUG', '2024-11-04 03:12:16,503 - httpcore.http11 - [_trace.py:85] - DEBUG', '2024-11-04 03:12:16,503 - httpcore.http11 - [_trace.py:85] - DEBUG', '2024-11-04 03:12:16,503 - httpcore.http11 - [_trace.py:85] - DEBUG', '2024-11-04 03:12:16,503 - httpcore.http11 - [_trace.py:85] - DEBUG', '2024-11-04 03:12:16,505 - httpcore.http11 - [_trace.py:85] - DEBUG', '2024-11-04 03:12:16,506 - httpx - [_client.py:1786] - INFO', '2024-11-04 03:12:16,506 - httpcore.http11 - [_trace.py:85] - DEBUG', '2024-11-04 03:12:16,507 - httpcore.http11 - [_trace.py:85] - DEBUG', '2024-11-04 03:12:16,508 - httpcore.http11 - [_trace.py:85] - DEBUG', '2024-11-04 03:12:16,508 - httpcore.http11 - [_trace.py:85] - DEBUG', '2024-11-04 03:12:16,508 - httpcore.connection - [_trace.py:85] - DEBUG', '2024-11-04 03:12:16,508 - httpcore.connection - [_trace.py:85] - DEBUG']",11.6,1005,1.0750210285186768
51,2035,5ca37cc9c8449a20,bf26bde5a270bbbc,embedding,2024-11-04 03:12:16.440816,2024-11-04 03:12:16.491020,[],OK,,1730689936.440816,1730689936.49102,0,0,0,0,0,0,0,0,0,0,0,0,0,0,0,0,0,[],11.6,1005,0.05020403861999512
52,2035,acf627ab4bacc95f,e62ad7fedb3c428a,reranking,2024-11-04 03:12:17.534061,2024-11-04 03:12:17.913791,[],OK,,1730689937.534061,1730689937.913791,0,0,0,0,0,0,0,0,0,0,0,0,0,0,0,0,0,[],11.6,1005,0.3797299861907959
53,2035,71fce7d541f8019e,e62ad7fedb3c428a,llm,2024-11-04 03:12:17.919575,2024-11-04 03:12:21.022344,[],OK,,1730689937.919575,1730689941.022344,1,0,1,10,0,0,0,0,0,0,0,1,1,1,1,1,1,"['2024-11-04 03:12:17,922 - openai._base_client - [_base_client.py:446] - DEBUG', '2024-11-04 03:12:17,923 - httpcore.http11 - [_trace.py:85] - DEBUG', '2024-11-04 03:12:17,923 - httpcore.http11 - [_trace.py:85] - DEBUG', '2024-11-04 03:12:17,923 - httpcore.http11 - [_trace.py:85] - DEBUG', '2024-11-04 03:12:17,923 - httpcore.http11 - [_trace.py:85] - DEBUG', '2024-11-04 03:12:17,923 - httpcore.http11 - [_trace.py:85] - DEBUG', '2024-11-04 03:12:21,016 - httpcore.http11 - [_trace.py:85] - DEBUG', '2024-11-04 03:12:21,017 - httpx - [_client.py:1786] - INFO', '2024-11-04 03:12:21,017 - httpcore.http11 - [_trace.py:85] - DEBUG', '2024-11-04 03:12:21,018 - httpcore.http11 - [_trace.py:85] - DEBUG', '2024-11-04 03:12:21,018 - httpcore.http11 - [_trace.py:85] - DEBUG', '2024-11-04 03:12:21,019 - httpcore.http11 - [_trace.py:85] - DEBUG', '2024-11-04 03:12:21,019 - openai._base_client - [_base_client.py:1585] - DEBUG', '2024-11-04 03:12:17,981 - vllm.engine.async_llm_engine - [async_llm_engine.py:648] - INFO', '2024-11-04 03:12:17,984 - vllm.engine.async_llm_engine - [async_llm_engine.py:578] - DEBUG', '2024-11-04 03:12:20,631 - vllm.engine.metrics - [metrics.py:295] - INFO', '2024-11-04 03:12:20,993 - vllm.engine.async_llm_engine - [async_llm_engine.py:134] - INFO', '2024-11-04 03:12:21,016 - vllm.engine.async_llm_engine - [async_llm_engine.py:564] - DEBUG']",0.0,0,3.102769136428833
54,2035,2e40d5cc1bb9967b,71fce7d541f8019e,llm_request,2024-11-04 03:12:17.981789,2024-11-04 03:12:20.992889,[],OK,,1730689937.981789,1730689940.992889,0,0,0,0,0,0,0,0,0,0,0,0,0,0,0,0,0,[],0.0,0,3.0110998153686523
55,2035,a2d5c0f6aa7e1619,2e40d5cc1bb9967b,llm_scheduler,2024-11-04 11:12:18.002040,2024-11-04 11:12:18.022290,[],OK,,1730689938.0020397,1730689938.0222902,0,0,0,0,0,0,0,0,0,0,0,0,0,0,0,0,0,[],72.7,1005,0.020250558853149414
56,2035,b8cb0fce9f482690,2e40d5cc1bb9967b,llm_generate,2024-11-04 11:12:18.479109,2024-11-04 11:12:20.963145,[],OK,,1730689938.4791088,1730689940.9631448,0,0,0,0,0,0,0,0,0,0,0,0,0,0,0,0,0,[],72.7,1005,2.4840359687805176
57,2036,9c682aa0393e4f72,,query,2024-11-04 03:12:21.043876,2024-11-04 03:12:25.624295,[],OK,,1730689941.043876,1730689945.624295,1,4,2,20,4,1,1,0,0,1,1,1,1,1,0,1,1,"['2024-11-04 03:12:21,097 - urllib3.connectionpool - [connectionpool.py:546] - DEBUG', '2024-11-04 03:12:21,101 - httpcore.connection - [_trace.py:85] - DEBUG', '2024-11-04 03:12:21,103 - httpcore.connection - [_trace.py:85] - DEBUG', '2024-11-04 03:12:21,103 - httpcore.http11 - [_trace.py:85] - DEBUG', '2024-11-04 03:12:21,104 - httpcore.http11 - [_trace.py:85] - DEBUG', '2024-11-04 03:12:21,104 - httpcore.http11 - [_trace.py:85] - DEBUG', '2024-11-04 03:12:21,104 - httpcore.http11 - [_trace.py:85] - DEBUG', '2024-11-04 03:12:21,104 - httpcore.http11 - [_trace.py:85] - DEBUG', '2024-11-04 03:12:21,107 - httpcore.http11 - [_trace.py:85] - DEBUG', '2024-11-04 03:12:21,107 - httpx - [_client.py:1786] - INFO', '2024-11-04 03:12:21,107 - httpcore.http11 - [_trace.py:85] - DEBUG', '2024-11-04 03:12:21,109 - httpcore.http11 - [_trace.py:85] - DEBUG', '2024-11-04 03:12:21,109 - httpcore.http11 - [_trace.py:85] - DEBUG', '2024-11-04 03:12:21,110 - httpcore.http11 - [_trace.py:85] - DEBUG', '2024-11-04 03:12:21,110 - httpcore.connection - [_trace.py:85] - DEBUG', '2024-11-04 03:12:21,110 - httpcore.connection - [_trace.py:85] - DEBUG', '2024-11-04 03:12:22,129 - urllib3.connectionpool - [connectionpool.py:546] - DEBUG', '2024-11-04 03:12:22,132 - llmrca.create_vdb.pipeline.rag - [rag.py:117] - DEBUG', '2024-11-04 03:12:22,662 - urllib3.connectionpool - [connectionpool.py:546] - DEBUG', '2024-11-04 03:12:22,663 - llmrca.create_vdb.pipeline.rag - [rag.py:125] - DEBUG', '2024-11-04 03:12:22,663 - llmrca.create_vdb.pipeline.rag - [rag.py:133] - DEBUG', '2024-11-04 03:12:22,666 - openai._base_client - [_base_client.py:446] - DEBUG', '2024-11-04 03:12:22,667 - httpcore.http11 - [_trace.py:85] - DEBUG', '2024-11-04 03:12:22,667 - httpcore.http11 - [_trace.py:85] - DEBUG', '2024-11-04 03:12:22,667 - httpcore.http11 - [_trace.py:85] - DEBUG', '2024-11-04 03:12:22,668 - httpcore.http11 - [_trace.py:85] - DEBUG', '2024-11-04 03:12:22,668 - httpcore.http11 - [_trace.py:85] - DEBUG', '2024-11-04 03:12:25,612 - httpcore.http11 - [_trace.py:85] - DEBUG', '2024-11-04 03:12:25,612 - httpx - [_client.py:1786] - INFO', '2024-11-04 03:12:25,613 - httpcore.http11 - [_trace.py:85] - DEBUG', '2024-11-04 03:12:25,614 - httpcore.http11 - [_trace.py:85] - DEBUG', '2024-11-04 03:12:25,614 - httpcore.http11 - [_trace.py:85] - DEBUG', '2024-11-04 03:12:25,614 - httpcore.http11 - [_trace.py:85] - DEBUG', '2024-11-04 03:12:25,615 - openai._base_client - [_base_client.py:1585] - DEBUG', '2024-11-04 03:12:25,623 - urllib3.connectionpool - [connectionpool.py:546] - DEBUG', '2024-11-04 03:12:25,624 - llmrca.create_vdb.pipeline.rag - [rag.py:143] - INFO', '2024-11-04 03:12:22,726 - vllm.engine.async_llm_engine - [async_llm_engine.py:648] - INFO', '2024-11-04 03:12:22,729 - vllm.engine.async_llm_engine - [async_llm_engine.py:578] - DEBUG', '2024-11-04 03:12:25,592 - vllm.engine.async_llm_engine - [async_llm_engine.py:134] - INFO', '2024-11-04 03:12:25,612 - vllm.engine.async_llm_engine - [async_llm_engine.py:564] - DEBUG']",0.0,0,4.580419063568115
58,2036,40453a00a6160569,9c682aa0393e4f72,retrieve,2024-11-04 03:12:21.044769,2024-11-04 03:12:22.120086,[],OK,,1730689941.044769,1730689942.120086,0,4,1,10,1,0,0,0,0,0,0,0,0,0,0,0,0,"['2024-11-04 03:12:21,097 - urllib3.connectionpool - [connectionpool.py:546] - DEBUG', '2024-11-04 03:12:21,101 - httpcore.connection - [_trace.py:85] - DEBUG', '2024-11-04 03:12:21,103 - httpcore.connection - [_trace.py:85] - DEBUG', '2024-11-04 03:12:21,103 - httpcore.http11 - [_trace.py:85] - DEBUG', '2024-11-04 03:12:21,104 - httpcore.http11 - [_trace.py:85] - DEBUG', '2024-11-04 03:12:21,104 - httpcore.http11 - [_trace.py:85] - DEBUG', '2024-11-04 03:12:21,104 - httpcore.http11 - [_trace.py:85] - DEBUG', '2024-11-04 03:12:21,104 - httpcore.http11 - [_trace.py:85] - DEBUG', '2024-11-04 03:12:21,107 - httpcore.http11 - [_trace.py:85] - DEBUG', '2024-11-04 03:12:21,107 - httpx - [_client.py:1786] - INFO', '2024-11-04 03:12:21,107 - httpcore.http11 - [_trace.py:85] - DEBUG', '2024-11-04 03:12:21,109 - httpcore.http11 - [_trace.py:85] - DEBUG', '2024-11-04 03:12:21,109 - httpcore.http11 - [_trace.py:85] - DEBUG', '2024-11-04 03:12:21,110 - httpcore.http11 - [_trace.py:85] - DEBUG', '2024-11-04 03:12:21,110 - httpcore.connection - [_trace.py:85] - DEBUG', '2024-11-04 03:12:21,110 - httpcore.connection - [_trace.py:85] - DEBUG']",12.0,1005,1.0753169059753418
59,2036,81b090c2bde2e0b8,40453a00a6160569,embedding,2024-11-04 03:12:21.045622,2024-11-04 03:12:21.092673,[],OK,,1730689941.045622,1730689941.092673,0,0,0,0,0,0,0,0,0,0,0,0,0,0,0,0,0,[],12.0,1005,0.04705095291137695
60,2036,ca5890bd61fda2f9,9c682aa0393e4f72,reranking,2024-11-04 03:12:22.141877,2024-11-04 03:12:22.521509,[],OK,,1730689942.141877,1730689942.521509,0,0,0,0,0,0,0,0,0,0,0,0,0,0,0,0,0,[],12.0,1005,0.37963199615478516
61,2036,c108f2ecc012fdb1,9c682aa0393e4f72,llm,2024-11-04 03:12:22.664356,2024-11-04 03:12:25.616863,[],OK,,1730689942.664356,1730689945.616863,1,0,1,10,0,0,0,0,0,0,0,1,1,1,0,1,1,"['2024-11-04 03:12:22,666 - openai._base_client - [_base_client.py:446] - DEBUG', '2024-11-04 03:12:22,667 - httpcore.http11 - [_trace.py:85] - DEBUG', '2024-11-04 03:12:22,667 - httpcore.http11 - [_trace.py:85] - DEBUG', '2024-11-04 03:12:22,667 - httpcore.http11 - [_trace.py:85] - DEBUG', '2024-11-04 03:12:22,668 - httpcore.http11 - [_trace.py:85] - DEBUG', '2024-11-04 03:12:22,668 - httpcore.http11 - [_trace.py:85] - DEBUG', '2024-11-04 03:12:25,612 - httpcore.http11 - [_trace.py:85] - DEBUG', '2024-11-04 03:12:25,612 - httpx - [_client.py:1786] - INFO', '2024-11-04 03:12:25,613 - httpcore.http11 - [_trace.py:85] - DEBUG', '2024-11-04 03:12:25,614 - httpcore.http11 - [_trace.py:85] - DEBUG', '2024-11-04 03:12:25,614 - httpcore.http11 - [_trace.py:85] - DEBUG', '2024-11-04 03:12:25,614 - httpcore.http11 - [_trace.py:85] - DEBUG', '2024-11-04 03:12:25,615 - openai._base_client - [_base_client.py:1585] - DEBUG', '2024-11-04 03:12:22,726 - vllm.engine.async_llm_engine - [async_llm_engine.py:648] - INFO', '2024-11-04 03:12:22,729 - vllm.engine.async_llm_engine - [async_llm_engine.py:578] - DEBUG', '2024-11-04 03:12:25,592 - vllm.engine.async_llm_engine - [async_llm_engine.py:134] - INFO', '2024-11-04 03:12:25,612 - vllm.engine.async_llm_engine - [async_llm_engine.py:564] - DEBUG']",0.0,0,2.9525070190429688
62,2036,c0383551ef064664,c108f2ecc012fdb1,llm_request,2024-11-04 03:12:22.726814,2024-11-04 03:12:25.591205,[],OK,,1730689942.726814,1730689945.591205,0,0,0,0,0,0,0,0,0,0,0,0,0,0,0,0,0,[],0.0,0,2.8643908500671387
63,2036,70593320e014e327,c0383551ef064664,llm_scheduler,2024-11-04 11:12:22.747188,2024-11-04 11:12:22.767563,[],OK,,1730689942.7471883,1730689942.767563,0,0,0,0,0,0,0,0,0,0,0,0,0,0,0,0,0,[],69.3,1005,0.020374774932861328
64,2036,0ae194f8bd2ea019,c0383551ef064664,llm_generate,2024-11-04 11:12:23.224630,2024-11-04 11:12:25.570569,[],OK,,1730689943.2246304,1730689945.5705688,0,0,0,0,0,0,0,0,0,0,0,0,0,0,0,0,0,[],69.3,1005,2.3459384441375732
